{
    "accuracy": 0.731855116375155,
    "roc_auc": 0.8262177647602766,
    "precison": 0.6714341692789969
}