{
    "accuracy": 0.7221351970116882,
    "roc_auc": 0.8183498031234225,
    "precison": 0.6624225739848589
}